Workbook

Sheet Students
A1: student_id | B1: full_name | C1: email | D1: phone | E1: city | F1: province | G1: expected_province | H1: mismatch_province | I1: age | J1: device_type | K1: signup_source | L1: signup_date
A2: STU0001 | B2: Danielle Miller | C2: danielle.miller@gmail.com | D2: +27 81 645 3521 | E2: Johannesburg | F2: Eastern Cape | G2: =_xlfn.XLOOKUP(E2,lookup_table!A:A,lookup_table!B:B, "N/A") -> Gauteng | H2: =IF(F2=G2, "Match", "Mismatch") -> Mismatch | I2: 22 | J2: Mobile | K2: WhatsApp | L2: 45657
A3: STU0002 | B3: Angel Cortez | C3: angelcortez92@yahoo.com | D3: Unknown | E3: Polokwane | F3: Free State | G3: =_xlfn.XLOOKUP(E3,lookup_table!A:A,lookup_table!B:B, "N/A") -> Limpopo | H3: =IF(F3=G3, "Match", "Mismatch") -> Mismatch | I3: 43 | J3: Desktop | K3: Organic | L3: 45265
A4: STU0003 | B4: Joshua Freeman | C4: joshua.freeman@gmail.com | D4: +27 97 995 5271 | E4: Durban | F4: Free State | G4: =_xlfn.XLOOKUP(E4,lookup_table!A:A,lookup_table!B:B, "N/A") -> KwaZulu-Natal | H4: =IF(F4=G4, "Match", "Mismatch") -> Mismatch | I4: 45 | J4: Desktop | K4: Google Search | L4: 45611
A5: STU0004 | B5: Jeffrey Chang | C5: jeffreychang91@yahoo.com | D5: +27 81 477 0054 | E5: Cape Town | F5: Free State | G5: =_xlfn.XLOOKUP(E5,lookup_table!A:A,lookup_table!B:B, "N/A") -> Western Cape | H5: =IF(F5=G5, "Match", "Mismatch") -> Mismatch | J5: Desktop | K5: Unknown | L5: 45182
A6: STU0005 | B6: Jill Vaughn | C6: jill.vaughn@gmail.com | D6: Unknown | E6: Cape Town | F6: Eastern Cape | G6: =_xlfn.XLOOKUP(E6,lookup_table!A:A,lookup_table!B:B, "N/A") -> Western Cape | H6: =IF(F6=G6, "Match", "Mismatch") -> Mismatch | I6: 40 | J6: Mobile | K6: Instagram | L6: 45619
A7: STU0006 | B7: Erica Brewer | C7: erica.brewer@gmail.com | D7: +27 18 203 7788 | E7: Polokwane | F7: Eastern Cape | G7: =_xlfn.XLOOKUP(E7,lookup_table!A:A,lookup_table!B:B, "N/A") -> Limpopo | H7: =IF(F7=G7, "Match", "Mismatch") -> Mismatch | I7: 47 | J7: Desktop | K7: Google Search | L7: 45766
A8: STU0007 | B8: Patricia Henry | C8: Unknown | D8: Unknown | E8: Polokwane | F8: KwaZulu-Natal | G8: =_xlfn.XLOOKUP(E8,lookup_table!A:A,lookup_table!B:B, "N/A") -> Limpopo | H8: =IF(F8=G8, "Match", "Mismatch") -> Mismatch | I8: 19 | J8: Desktop | K8: Organic | L8: 45409
A9: STU0008 | B9: Christopher Mcguire | C9: Unknown | D9: Unknown | E9: Nelspruit | F9: North West | G9: =_xlfn.XLOOKUP(E9,lookup_table!A:A,lookup_table!B:B, "N/A") -> Mpumalanga | H9: =IF(F9=G9, "Match", "Mismatch") -> Mismatch | I9: 23 | J9: Mobile | K9: TikTok | L9: 45803
A10: STU0009 | B10: Robert Davis | C10: robertdavis65@yahoo.com | D10: +27 85 054 2357 | E10: Durban | F10: North West | G10: =_xlfn.XLOOKUP(E10,lookup_table!A:A,lookup_table!B:B, "N/A") -> KwaZulu-Natal | H10: =IF(F10=G10, "Match", "Mismatch") -> Mismatch | I10: 25 | J10: Desktop | K10: Facebook Ad | L10: 45308
A11: STU0010 | B11: Anthony Walker | C11: awalker@outlook.com | D11: +27 88 805 9296 | E11: Cape Town | F11: Gauteng | G11: =_xlfn.XLOOKUP(E11,lookup_table!A:A,lookup_table!B:B, "N/A") -> Western Cape | H11: =IF(F11=G11, "Match", "Mismatch") -> Mismatch | I11: 20 | J11: Tablet | K11: TikTok | L11: 45267
A12: STU0011 | B12: Jeffery Holt | C12: Unknown | D12: +27 65 379 4738 | E12: East London | F12: Eastern Cape | G12: =_xlfn.XLOOKUP(E12,lookup_table!A:A,lookup_table!B:B, "N/A") -> Eastern Cape | H12: =IF(F12=G12, "Match", "Mismatch") -> Match | I12: 49 | J12: Desktop | K12: Facebook Ad | L12: 45360
A13: STU0012 | B13: William Torres | C13: williamtorres76@yahoo.com | D13: +27 74 688 6239 | E13: Cape Town | G13: =_xlfn.XLOOKUP(E13,lookup_table!A:A,lookup_table!B:B, "N/A") -> Western Cape | H13: =IF(F13=G13, "Match", "Mismatch") -> Mismatch | I13: 30 | J13: Unknown | K13: Instagram | L13: 45249
A14: STU0013 | B14: Anthony Perkins | C14: anthonyperkins93@yahoo.com | D14: Unknown | E14: Kimberley | F14: Northern Cape | G14: =_xlfn.XLOOKUP(E14,lookup_table!A:A,lookup_table!B:B, "N/A") -> Northern Cape | H14: =IF(F14=G14, "Match", "Mismatch") -> Match | J14: Mobile | K14: Unknown | L14: 45259
A15: STU0014 | B15: James Kennedy | C15: james.kennedy@gmail.com | D15: +27 06 068 5361 | E15: Polokwane | F15: Gauteng | G15: =_xlfn.XLOOKUP(E15,lookup_table!A:A,lookup_table!B:B, "N/A") -> Limpopo | H15: =IF(F15=G15, "Match", "Mismatch") -> Mismatch | I15: 24 | J15: Desktop | K15: Walk-In | L15: 45390
A16: STU0015 | B16: Debra Schmidt | C16: debra.schmidt@gmail.com | D16: +27 20 472 7790 | E16: Cape Town | F16: Western Cape | G16: =_xlfn.XLOOKUP(E16,lookup_table!A:A,lookup_table!B:B, "N/A") -> Western Cape | H16: =IF(F16=G16, "Match", "Mismatch") -> Match | I16: 26 | J16: Tablet | K16: Organic | L16: 46090
A17: STU0016 | B17: Amy Coleman | C17: amy.coleman@gmail.com | D17: +27 98 614 3410 | E17: Port Elizabeth | F17: Northern Cape | G17: =_xlfn.XLOOKUP(E17,lookup_table!A:A,lookup_table!B:B, "N/A") -> Eastern Cape | H17: =IF(F17=G17, "Match", "Mismatch") -> Mismatch | I17: 51 | J17: Mobile | K17: Google Search | L17: 45359
A18: STU0017 | B18: Jeffrey Reese | C18: jeffrey.reese@gmail.com | D18: +27 80 893 2460 | E18: Cape Town | G18: =_xlfn.XLOOKUP(E18,lookup_table!A:A,lookup_table!B:B, "N/A") -> Western Cape | H18: =IF(F18=G18, "Match", "Mismatch") -> Mismatch | I18: 48 | J18: Desktop | K18: Unknown | L18: 45771
A19: STU0018 | B19: Bridget Rivera | C19: bridgetrivera52@yahoo.com | D19: +27 85 188 8880 | E19: Kimberley | F19: Western Cape | G19: =_xlfn.XLOOKUP(E19,lookup_table!A:A,lookup_table!B:B, "N/A") -> Northern Cape | H19: =IF(F19=G19, "Match", "Mismatch") -> Mismatch | J19: Mobile | K19: TikTok | L19: 45525
A20: STU0019 | B20: Lisa Warner | C20: Unknown | D20: +27 05 153 1952 | E20: Cape Town | F20: Northern Cape | G20: =_xlfn.XLOOKUP(E20,lookup_table!A:A,lookup_table!B:B, "N/A") -> Western Cape | H20: =IF(F20=G20, "Match", "Mismatch") -> Mismatch | I20: 20 | J20: Desktop | K20: Referral | L20: 45146
A21: STU0020 | B21: Adam Nelson | C21: anelson@outlook.com | D21: +27 21 704 3030 | E21: Pretoria | F21: KwaZulu-Natal | G21: =_xlfn.XLOOKUP(E21,lookup_table!A:A,lookup_table!B:B, "N/A") -> Gauteng | H21: =IF(F21=G21, "Match", "Mismatch") -> Mismatch | I21: 50 | J21: Desktop | K21: Referral | L21: 45443
A22: STU0021 | B22: Linda King | C22: lking@outlook.com | D22: +27 40 345 0541 | E22: Johannesburg | F22: KwaZulu-Natal | G22: =_xlfn.XLOOKUP(E22,lookup_table!A:A,lookup_table!B:B, "N/A") -> Gauteng | H22: =IF(F22=G22, "Match", "Mismatch") -> Mismatch | I22: 54 | J22: Unknown | K22: TikTok | L22: 45974
A23: STU0022 | B23: Helen Martinez | C23: helen.martinez@gmail.com | D23: +27 27 758 4161 | E23: Cape Town | F23: Free State | G23: =_xlfn.XLOOKUP(E23,lookup_table!A:A,lookup_table!B:B, "N/A") -> Western Cape | H23: =IF(F23=G23, "Match", "Mismatch") -> Mismatch | I23: 37 | J23: Mobile Phone | K23: WhatsApp | L23: 45569
A24: STU0023 | B24: Matthew Lee | C24: matthew.lee@gmail.com | D24: +27 15 447 9627 | E24: Johannesburg | F24: KwaZulu-Natal | G24: =_xlfn.XLOOKUP(E24,lookup_table!A:A,lookup_table!B:B, "N/A") -> Gauteng | H24: =IF(F24=G24, "Match", "Mismatch") -> Mismatch | I24: 53 | J24: Mobile | K24: Facebook Ad | L24: 45483
A25: STU0024 | B25: Eric Wilson | C25: ericwilson88@yahoo.com | D25: +27 01 658 2029 | E25: Cape Town | F25: North West | G25: =_xlfn.XLOOKUP(E25,lookup_table!A:A,lookup_table!B:B, "N/A") -> Western Cape | H25: =IF(F25=G25, "Match", "Mismatch") -> Mismatch | I25: 25 | J25: Mobile Phone | K25: Facebook Ad | L25: 45841
A26: STU0025 | B26: Susan Herrera | C26: susanherrera95@yahoo.com | D26: +27 55 690 9275 | E26: Johannesburg | F26: Eastern Cape | G26: =_xlfn.XLOOKUP(E26,lookup_table!A:A,lookup_table!B:B, "N/A") -> Gauteng | H26: =IF(F26=G26, "Match", "Mismatch") -> Mismatch | I26: 18 | J26: Unknown | K26: Facebook Ad | L26: 45505
A27: STU0026 | B27: Matthew Gill | C27: mgill@outlook.com | D27: +27 65 431 0278 | E27: Pretoria | G27: =_xlfn.XLOOKUP(E27,lookup_table!A:A,lookup_table!B:B, "N/A") -> Gauteng | H27: =IF(F27=G27, "Match", "Mismatch") -> Mismatch | J27: Desktop | K27: Facebook Ad | L27: 45522
A28: STU0027 | B28: Christopher Lopez | C28: christopher.lopez@gmail.com | D28: +27 94 731 2172 | E28: Durban | F28: Free State | G28: =_xlfn.XLOOKUP(E28,lookup_table!A:A,lookup_table!B:B, "N/A") -> KwaZulu-Natal | H28: =IF(F28=G28, "Match", "Mismatch") -> Mismatch | I28: 36 | J28: Mobile Phone | K28: Google Search | L28: 46082
A29: STU0028 | B29: Colin Robinson | C29: colinrobinson33@yahoo.com | D29: +27 88 442 2583 | E29: Johannesburg | F29: North West | G29: =_xlfn.XLOOKUP(E29,lookup_table!A:A,lookup_table!B:B, "N/A") -> Gauteng | H29: =IF(F29=G29, "Match", "Mismatch") -> Mismatch | J29: Desktop | K29: WhatsApp | L29: 44937
A30: STU0029 | B30: Melanie Washington | C30: mwashington@outlook.com | D30: +27 58 957 8291 | E30: Bloemfontein | F30: Free State | G30: =_xlfn.XLOOKUP(E30,lookup_table!A:A,lookup_table!B:B, "N/A") -> Free State | H30: =IF(F30=G30, "Match", "Mismatch") -> Match | I30: 42 | J30: Mobile | K30: TikTok | L30: 44935
A31: STU0030 | B31: Cassandra Hardy | C31: chardy@outlook.com | D31: +27 91 251 7785 | E31: Polokwane | F31: Limpopo | G31: =_xlfn.XLOOKUP(E31,lookup_table!A:A,lookup_table!B:B, "N/A") -> Limpopo | H31: =IF(F31=G31, "Match", "Mismatch") -> Match | I31: 48 | J31: Tablet | K31: Unknown | L31: 45238
A32: STU0031 | B32: Lindsay Bray | C32: lindsay.bray@gmail.com | D32: +27 18 242 2535 | E32: East London | F32: Limpopo | G32: =_xlfn.XLOOKUP(E32,lookup_table!A:A,lookup_table!B:B, "N/A") -> Eastern Cape | H32: =IF(F32=G32, "Match", "Mismatch") -> Mismatch | I32: 35 | J32: Unknown | K32: Google Search | L32: 46136
A33: STU0032 | B33: Jessica Warren | C33: jessica.warren@gmail.com | D33: +27 42 498 1829 | E33: Polokwane | F33: Eastern Cape | G33: =_xlfn.XLOOKUP(E33,lookup_table!A:A,lookup_table!B:B, "N/A") -> Limpopo | H33: =IF(F33=G33, "Match", "Mismatch") -> Mismatch | I33: 47 | J33: Unknown | K33: Facebook Ad | L33: 46130
A34: STU0033 | B34: Amanda Campbell | C34: amandacampbell16@yahoo.com | D34: +27 90 010 9439 | E34: Durban | F34: North West | G34: =_xlfn.XLOOKUP(E34,lookup_table!A:A,lookup_table!B:B, "N/A") -> KwaZulu-Natal | H34: =IF(F34=G34, "Match", "Mismatch") -> Mismatch | I34: 48 | J34: Tablet | K34: Walk-In | L34: 45554
A35: STU0034 | B35: Teresa Garcia | C35: Unknown | D35: +27 73 647 1027 | E35: Johannesburg | F35: Free State | G35: =_xlfn.XLOOKUP(E35,lookup_table!A:A,lookup_table!B:B, "N/A") -> Gauteng | H35: =IF(F35=G35, "Match", "Mismatch") -> Mismatch | I35: 33 | J35: Desktop | K35: Referral | L35: 45553
A36: STU0035 | B36: Nicholas Lee | C36: nicholaslee30@yahoo.com | D36: +27 55 562 5881 | E36: Johannesburg | F36: Eastern Cape | G36: =_xlfn.XLOOKUP(E36,lookup_table!A:A,lookup_table!B:B, "N/A") -> Gauteng | H36: =IF(F36=G36, "Match", "Mismatch") -> Mismatch | I36: 45 | J36: Mobile Phone | K36: Google Search | L36: 45447
A37: STU0036 | B37: Andrea Perez | C37: andrea.perez@gmail.com | D37: Unknown | E37: Polokwane | F37: Limpopo | G37: =_xlfn.XLOOKUP(E37,lookup_table!A:A,lookup_table!B:B, "N/A") -> Limpopo | H37: =IF(F37=G37, "Match", "Mismatch") -> Match | I37: 42 | J37: Unknown | K37: Facebook Ad | L37: 45989
A38: STU0037 | B38: Maria White | C38: Unknown | D38: +27 77 470 1687 | E38: Cape Town | F38: Mpumalanga | G38: =_xlfn.XLOOKUP(E38,lookup_table!A:A,lookup_table!B:B, "N/A") -> Western Cape | H38: =IF(F38=G38, "Match", "Mismatch") -> Mismatch | I38: 45 | J38: Mobile | K38: Google Search | L38: 46157
A39: STU0038 | B39: Christine Smith | C39: Unknown | D39: +27 47 974 8016 | E39: Durban | F39: Western Cape | G39: =_xlfn.XLOOKUP(E39,lookup_table!A:A,lookup_table!B:B, "N/A") -> KwaZulu-Natal | H39: =IF(F39=G39, "Match", "Mismatch") -> Mismatch | J39: Mobile Phone | K39: TikTok | L39: 45244
A40: STU0039 | B40: Michelle Ferguson | C40: michelle.ferguson@gmail.com | D40: +27 60 983 5841 | E40: Cape Town | F40: Western Cape | G40: =_xlfn.XLOOKUP(E40,lookup_table!A:A,lookup_table!B:B, "N/A") -> Western Cape | H40: =IF(F40=G40, "Match", "Mismatch") -> Match | I40: 30 | J40: Mobile | K40: Google Search | L40: 45521
A41: STU0040 | B41: Barbara Hill | C41: barbarahill31@yahoo.com | D41: +27 12 165 5852 | E41: Nelspruit | F41: Eastern Cape | G41: =_xlfn.XLOOKUP(E41,lookup_table!A:A,lookup_table!B:B, "N/A") -> Mpumalanga | H41: =IF(F41=G41, "Match", "Mismatch") -> Mismatch | I41: 32 | J41: Desktop | K41: Google Search | L41: 45316
A42: STU0041 | B42: Janet Mccann | C42: janet.mccann@gmail.com | D42: +27 25 787 2982 | E42: Kimberley | F42: Mpumalanga | G42: =_xlfn.XLOOKUP(E42,lookup_table!A:A,lookup_table!B:B, "N/A") -> Northern Cape | H42: =IF(F42=G42, "Match", "Mismatch") -> Mismatch | I42: 28 | J42: Desktop | K42: Google Search | L42: 45457
A43: STU0042 | B43: Brandon Tran | C43: brandon.tran@gmail.com | D43: +27 95 888 7947 | E43: East London | F43: Limpopo | G43: =_xlfn.XLOOKUP(E43,lookup_table!A:A,lookup_table!B:B, "N/A") -> Eastern Cape | H43: =IF(F43=G43, "Match", "Mismatch") -> Mismatch | I43: 42 | J43: Unknown | K43: Referral | L43: 45992
A44: STU0043 | B44: Jeremy Terry | C44: Unknown | D44: +27 40 974 9930 | E44: Johannesburg | F44: Free State | G44: =_xlfn.XLOOKUP(E44,lookup_table!A:A,lookup_table!B:B, "N/A") -> Gauteng | H44: =IF(F44=G44, "Match", "Mismatch") -> Mismatch | J44: Desktop | K44: TikTok | L44: 45737
A45: STU0044 | B45: Keith Martinez | C45: Unknown | D45: +27 30 913 0756 | E45: Johannesburg | F45: Mpumalanga | G45: =_xlfn.XLOOKUP(E45,lookup_table!A:A,lookup_table!B:B, "N/A") -> Gauteng | H45: =IF(F45=G45, "Match", "Mismatch") -> Mismatch | I45: 27 | J45: Desktop | K45: TikTok | L45: 45263
A46: STU0045 | B46: Christopher Oneill | C46: coneill@outlook.com | D46: Unknown | E46: Cape Town | F46: Eastern Cape | G46: =_xlfn.XLOOKUP(E46,lookup_table!A:A,lookup_table!B:B, "N/A") -> Western Cape | H46: =IF(F46=G46, "Match", "Mismatch") -> Mismatch | I46: 31 | J46: Mobile | K46: Google Search | L46: 45441
A47: STU0046 | B47: Jesse Henry | C47: jhenry@outlook.com | D47: +27 54 973 3484 | E47: Polokwane | F47: Free State | G47: =_xlfn.XLOOKUP(E47,lookup_table!A:A,lookup_table!B:B, "N/A") -> Limpopo | H47: =IF(F47=G47, "Match", "Mismatch") -> Mismatch | J47: Desktop | K47: TikTok | L47: 45344
A48: STU0047 | B48: Craig Salas | C48: craigsalas16@yahoo.com | D48: +27 75 844 1986 | E48: Bloemfontein | F48: North West | G48: =_xlfn.XLOOKUP(E48,lookup_table!A:A,lookup_table!B:B, "N/A") -> Free State | H48: =IF(F48=G48, "Match", "Mismatch") -> Mismatch | J48: Desktop | K48: Instagram | L48: 46079
A49: STU0048 | B49: Joshua Andrews | C49: jandrews@outlook.com | D49: +27 41 574 7338 | E49: Port Elizabeth | G49: =_xlfn.XLOOKUP(E49,lookup_table!A:A,lookup_table!B:B, "N/A") -> Eastern Cape | H49: =IF(F49=G49, "Match", "Mismatch") -> Mismatch | J49: Unknown | K49: Google Search | L49: 45395
A50: STU0049 | B50: Cynthia Harrison | C50: cynthia.harrison@gmail.com | D50: Unknown | E50: Port Elizabeth | F50: Northern Cape | G50: =_xlfn.XLOOKUP(E50,lookup_table!A:A,lookup_table!B:B, "N/A") -> Eastern Cape | H50: =IF(F50=G50, "Match", "Mismatch") -> Mismatch | I50: 27 | J50: Desktop | K50: Google Search | L50: 45460
A51: STU0050 | B51: Michael Alexander | C51: michael.alexander@gmail.com | D51: +27 26 773 4540 | E51: Durban | F51: Free State | G51: =_xlfn.XLOOKUP(E51,lookup_table!A:A,lookup_table!B:B, "N/A") -> KwaZulu-Natal | H51: =IF(F51=G51, "Match", "Mismatch") -> Mismatch | I51: 23 | J51: Unknown | K51: TikTok | L51: 46093
A52: STU0051 | B52: Mitchell Lopez | C52: Unknown | D52: +27 26 206 7240 | E52: Kimberley | F52: Gauteng | G52: =_xlfn.XLOOKUP(E52,lookup_table!A:A,lookup_table!B:B, "N/A") -> Northern Cape | H52: =IF(F52=G52, "Match", "Mismatch") -> Mismatch | I52: 32 | J52: Mobile | K52: Organic | L52: 44933
A53: STU0052 | B53: Jason Williams | C53: Unknown | D53: Unknown | E53: Nelspruit | F53: Eastern Cape | G53: =_xlfn.XLOOKUP(E53,lookup_table!A:A,lookup_table!B:B, "N/A") -> Mpumalanga | H53: =IF(F53=G53, "Match", "Mismatch") -> Mismatch | J53: Mobile | K53: Organic | L53: 45276
A54: STU0053 | B54: Joseph Everett | C54: joseph.everett@gmail.com | D54: Unknown | E54: Pretoria | F54: Free State | G54: =_xlfn.XLOOKUP(E54,lookup_table!A:A,lookup_table!B:B, "N/A") -> Gauteng | H54: =IF(F54=G54, "Match", "Mismatch") -> Mismatch | J54: Desktop | K54: Organic | L54: 45193
A55: STU0054 | B55: Sharon Woods | C55: swoods@outlook.com | D55: Unknown | E55: East London | F55: Gauteng | G55: =_xlfn.XLOOKUP(E55,lookup_table!A:A,lookup_table!B:B, "N/A") -> Eastern Cape | H55: =IF(F55=G55, "Match", "Mismatch") -> Mismatch | I55: 43 | J55: Mobile | K55: Unknown | L55: 45736
A56: STU0055 | B56: Deborah Short | C56: dshort@outlook.com | D56: Unknown | E56: Cape Town | F56: KwaZulu-Natal | G56: =_xlfn.XLOOKUP(E56,lookup_table!A:A,lookup_table!B:B, "N/A") -> Western Cape | H56: =IF(F56=G56, "Match", "Mismatch") -> Mismatch | I56: 27 | J56: Desktop | K56: Walk-In | L56: 45500
A57: STU0056 | B57: Chelsea Morales | C57: cmorales@outlook.com | D57: +27 79 568 7833 | E57: Bloemfontein | F57: Gauteng | G57: =_xlfn.XLOOKUP(E57,lookup_table!A:A,lookup_table!B:B, "N/A") -> Free State | H57: =IF(F57=G57, "Match", "Mismatch") -> Mismatch | I57: 34 | J57: Unknown | K57: Google Search | L57: 45784
A58: STU0057 | B58: George Jones | C58: gjones@outlook.com | D58: +27 19 108 8398 | E58: Bloemfontein | F58: Mpumalanga | G58: =_xlfn.XLOOKUP(E58,lookup_table!A:A,lookup_table!B:B, "N/A") -> Free State | H58: =IF(F58=G58, "Match", "Mismatch") -> Mismatch | J58: Unknown | K58: Facebook Ad | L58: 45262
A59: STU0058 | B59: Jessica Soto | C59: jessicasoto35@yahoo.com | D59: Unknown | E59: Durban | F59: Northern Cape | G59: =_xlfn.XLOOKUP(E59,lookup_table!A:A,lookup_table!B:B, "N/A") -> KwaZulu-Natal | H59: =IF(F59=G59, "Match", "Mismatch") -> Mismatch | I59: 17 | J59: Mobile | K59: WhatsApp | L59: 45553
A60: STU0059 | B60: Frank Brown | C60: Unknown | D60: +27 64 039 1065 | E60: Pretoria | F60: Gauteng | G60: =_xlfn.XLOOKUP(E60,lookup_table!A:A,lookup_table!B:B, "N/A") -> Gauteng | H60: =IF(F60=G60, "Match", "Mismatch") -> Match | J60: Unknown | K60: Instagram | L60: 45865
A61: STU0060 | B61: Noah Hernandez | C61: Unknown | D61: Unknown | E61: Durban | F61: North West | G61: =_xlfn.XLOOKUP(E61,lookup_table!A:A,lookup_table!B:B, "N/A") -> KwaZulu-Natal | H61: =IF(F61=G61, "Match", "Mismatch") -> Mismatch | J61: Mobile | K61: TikTok | L61: 45185
A62: STU0061 | B62: Veronica Hart | C62: vhart@outlook.com | D62: Unknown | E62: Kimberley | F62: Northern Cape | G62: =_xlfn.XLOOKUP(E62,lookup_table!A:A,lookup_table!B:B, "N/A") -> Northern Cape | H62: =IF(F62=G62, "Match", "Mismatch") -> Match | I62: 37 | J62: Mobile | K62: Instagram | L62: 45562
A63: STU0062 | B63: Danielle Torres | C63: Unknown | D63: +27 24 310 6903 | E63: Durban | F63: Western Cape | G63: =_xlfn.XLOOKUP(E63,lookup_table!A:A,lookup_table!B:B, "N/A") -> KwaZulu-Natal | H63: =IF(F63=G63, "Match", "Mismatch") -> Mismatch | I63: 25 | J63: Desktop | K63: Google Search | L63: 45323
A64: STU0063 | B64: Angela Mcknight | C64: Unknown | D64: +27 03 067 3830 | E64: East London | F64: Western Cape | G64: =_xlfn.XLOOKUP(E64,lookup_table!A:A,lookup_table!B:B, "N/A") -> Eastern Cape | H64: =IF(F64=G64, "Match", "Mismatch") -> Mismatch | J64: Desktop | K64: Facebook Ad | L64: 45251
A65: STU0064 | B65: Gabrielle Wilson | C65: Unknown | D65: +27 95 342 8364 | E65: Cape Town | F65: Northern Cape | G65: =_xlfn.XLOOKUP(E65,lookup_table!A:A,lookup_table!B:B, "N/A") -> Western Cape | H65: =IF(F65=G65, "Match", "Mismatch") -> Mismatch | I65: 20 | J65: Desktop | K65: Unknown | L65: 45399
A66: STU0065 | B66: Megan Duran | C66: megan.duran@gmail.com | D66: +27 56 856 6246 | E66: Durban | F66: Western Cape | G66: =_xlfn.XLOOKUP(E66,lookup_table!A:A,lookup_table!B:B, "N/A") -> KwaZulu-Natal | H66: =IF(F66=G66, "Match", "Mismatch") -> Mismatch | I66: 39 | J66: Tablet | K66: Referral | L66: 45299
A67: STU0066 | B67: Kimberly Obrien | C67: kimberlyobrien11@yahoo.com | D67: Unknown | E67: Durban | F67: Eastern Cape | G67: =_xlfn.XLOOKUP(E67,lookup_table!A:A,lookup_table!B:B, "N/A") -> KwaZulu-Natal | H67: =IF(F67=G67, "Match", "Mismatch") -> Mismatch | I67: 32 | J67: Unknown | K67: TikTok | L67: 45364
A68: STU0067 | B68: Jeremy Gibbs | C68: jeremygibbs10@yahoo.com | D68: +27 18 304 6990 | E68: Bloemfontein | F68: Free State | G68: =_xlfn.XLOOKUP(E68,lookup_table!A:A,lookup_table!B:B, "N/A") -> Free State | H68: =IF(F68=G68, "Match", "Mismatch") -> Match | I68: 28 | J68: Mobile Phone | K68: Google Search | L68: 46055
A69: STU0068 | B69: Antonio Perez | C69: aperez@outlook.com | D69: Unknown | E69: Port Elizabeth | F69: Free State | G69: =_xlfn.XLOOKUP(E69,lookup_table!A:A,lookup_table!B:B, "N/A") -> Eastern Cape | H69: =IF(F69=G69, "Match", "Mismatch") -> Mismatch | I69: 41 | J69: Desktop | K69: Instagram | L69: 45860
A70: STU0069 | B70: Leslie Mills | C70: lmills@outlook.com | D70: +27 46 785 4458 | E70: Cape Town | F70: Free State | G70: =_xlfn.XLOOKUP(E70,lookup_table!A:A,lookup_table!B:B, "N/A") -> Western Cape | H70: =IF(F70=G70, "Match", "Mismatch") -> Mismatch | I70: 22 | J70: Desktop | K70: TikTok | L70: 46358
A71: STU0070 | B71: Joseph Hayes | C71: jhayes@outlook.com | D71: +27 55 609 3204 | E71: Durban | F71: North West | G71: =_xlfn.XLOOKUP(E71,lookup_table!A:A,lookup_table!B:B, "N/A") -> KwaZulu-Natal | H71: =IF(F71=G71, "Match", "Mismatch") -> Mismatch | J71: Desktop | K71: Facebook Ad | L71: 45704
A72: STU0071 | B72: Jason Ramos | C72: jason.ramos@gmail.com | D72: +27 36 937 8547 | E72: Johannesburg | F72: Eastern Cape | G72: =_xlfn.XLOOKUP(E72,lookup_table!A:A,lookup_table!B:B, "N/A") -> Gauteng | H72: =IF(F72=G72, "Match", "Mismatch") -> Mismatch | I72: 51 | J72: Desktop | K72: Unknown | L72: 46157
A73: STU0072 | B73: Sherri Dalton | C73: sdalton@outlook.com | D73: Unknown | E73: Polokwane | F73: Limpopo | G73: =_xlfn.XLOOKUP(E73,lookup_table!A:A,lookup_table!B:B, "N/A") -> Limpopo | H73: =IF(F73=G73, "Match", "Mismatch") -> Match | J73: Desktop | K73: Unknown | L73: 46133
A74: STU0073 | B74: Nancy Branch | C74: Unknown | D74: +27 12 038 7509 | E74: Cape Town | F74: KwaZulu-Natal | G74: =_xlfn.XLOOKUP(E74,lookup_table!A:A,lookup_table!B:B, "N/A") -> Western Cape | H74: =IF(F74=G74, "Match", "Mismatch") -> Mismatch | I74: 18 | J74: Mobile Phone | K74: Walk-In | L74: 45796
A75: STU0074 | B75: Leonard Torres | C75: ltorres@outlook.com | D75: Unknown | E75: Polokwane | F75: KwaZulu-Natal | G75: =_xlfn.XLOOKUP(E75,lookup_table!A:A,lookup_table!B:B, "N/A") -> Limpopo | H75: =IF(F75=G75, "Match", "Mismatch") -> Mismatch | I75: 22 | J75: Unknown | K75: Instagram | L75: 45648
A76: STU0075 | B76: Diana Oliver | C76: doliver@outlook.com | D76: +27 23 398 4546 | E76: Cape Town | F76: Limpopo | G76: =_xlfn.XLOOKUP(E76,lookup_table!A:A,lookup_table!B:B, "N/A") -> Western Cape | H76: =IF(F76=G76, "Match", "Mismatch") -> Mismatch | I76: 23 | J76: Mobile | K76: Facebook Ad | L76: 45184
A77: STU0076 | B77: Randall Lynch | C77: rlynch@outlook.com | D77: +27 41 016 6687 | E77: Durban | F77: Eastern Cape | G77: =_xlfn.XLOOKUP(E77,lookup_table!A:A,lookup_table!B:B, "N/A") -> KwaZulu-Natal | H77: =IF(F77=G77, "Match", "Mismatch") -> Mismatch | J77: Mobile | K77: TikTok | L77: 45159
A78: STU0077 | B78: Robin Singh | C78: robinsingh17@yahoo.com | D78: Unknown | E78: Port Elizabeth | F78: Gauteng | G78: =_xlfn.XLOOKUP(E78,lookup_table!A:A,lookup_table!B:B, "N/A") -> Eastern Cape | H78: =IF(F78=G78, "Match", "Mismatch") -> Mismatch | J78: Tablet | K78: Organic | L78: 45395
A79: STU0078 | B79: Stephen Meza | C79: stephen.meza@gmail.com | D79: +27 25 039 2614 | E79: Nelspruit | F79: Limpopo | G79: =_xlfn.XLOOKUP(E79,lookup_table!A:A,lookup_table!B:B, "N/A") -> Mpumalanga | H79: =IF(F79=G79, "Match", "Mismatch") -> Mismatch | I79: 44 | J79: Desktop | K79: Walk-In | L79: 45276
A80: STU0079 | B80: Joseph Clark | C80: joseph.clark@gmail.com | D80: +27 62 185 0163 | E80: Nelspruit | F80: Mpumalanga | G80: =_xlfn.XLOOKUP(E80,lookup_table!A:A,lookup_table!B:B, "N/A") -> Mpumalanga | H80: =IF(F80=G80, "Match", "Mismatch") -> Match | J80: Desktop | K80: Google Search | L80: 46017
A81: STU0080 | B81: John Clark | C81: jclark@outlook.com | D81: +27 50 477 3586 | E81: Kimberley | F81: Northern Cape | G81: =_xlfn.XLOOKUP(E81,lookup_table!A:A,lookup_table!B:B, "N/A") -> Northern Cape | H81: =IF(F81=G81, "Match", "Mismatch") -> Match | I81: 23 | J81: Mobile Phone | K81: Facebook Ad | L81: 45571
A82: STU0081 | B82: Anna Guerrero | C82: Unknown | D82: +27 11 426 2655 | E82: Polokwane | F82: Limpopo | G82: =_xlfn.XLOOKUP(E82,lookup_table!A:A,lookup_table!B:B, "N/A") -> Limpopo | H82: =IF(F82=G82, "Match", "Mismatch") -> Match | I82: 25 | J82: Desktop | K82: Organic | L82: 45214
A83: STU0082 | B83: Jose Moore | C83: jose.moore@gmail.com | D83: +27 12 126 7888 | E83: Johannesburg | F83: Western Cape | G83: =_xlfn.XLOOKUP(E83,lookup_table!A:A,lookup_table!B:B, "N/A") -> Gauteng | H83: =IF(F83=G83, "Match", "Mismatch") -> Mismatch | I83: 23 | J83: Desktop | K83: Google Search | L83: 45545
A84: STU0083 | B84: Brenda Thompson | C84: brendathompson20@yahoo.com | D84: +27 99 560 4661 | E84: Pretoria | F84: Limpopo | G84: =_xlfn.XLOOKUP(E84,lookup_table!A:A,lookup_table!B:B, "N/A") -> Gauteng | H84: =IF(F84=G84, "Match", "Mismatch") -> Mismatch | I84: 23 | J84: Desktop | K84: Facebook Ad | L84: 45892
A85: STU0084 | B85: Rachael Jones | C85: rachaeljones35@yahoo.com | D85: +27 22 444 7212 | E85: Bloemfontein | F85: KwaZulu-Natal | G85: =_xlfn.XLOOKUP(E85,lookup_table!A:A,lookup_table!B:B, "N/A") -> Free State | H85: =IF(F85=G85, "Match", "Mismatch") -> Mismatch | I85: 52 | J85: Mobile Phone | K85: Walk-In | L85: 45545
A86: STU0085 | B86: Reginald Smith | C86: rsmith@outlook.com | D86: +27 43 799 3712 | E86: Bloemfontein | F86: Limpopo | G86: =_xlfn.XLOOKUP(E86,lookup_table!A:A,lookup_table!B:B, "N/A") -> Free State | H86: =IF(F86=G86, "Match", "Mismatch") -> Mismatch | I86: 19 | J86: Mobile Phone | K86: Walk-In | L86: 45431
A87: STU0086 | B87: Jeffrey Hayes | C87: Unknown | D87: +27 75 692 4593 | E87: Port Elizabeth | F87: North West | G87: =_xlfn.XLOOKUP(E87,lookup_table!A:A,lookup_table!B:B, "N/A") -> Eastern Cape | H87: =IF(F87=G87, "Match", "Mismatch") -> Mismatch | I87: 53 | J87: Mobile | K87: Organic | L87: 45622
A88: STU0087 | B88: Whitney Wheeler | C88: whitney.wheeler@gmail.com | D88: +27 93 564 6519 | E88: Pretoria | F88: Eastern Cape | G88: =_xlfn.XLOOKUP(E88,lookup_table!A:A,lookup_table!B:B, "N/A") -> Gauteng | H88: =IF(F88=G88, "Match", "Mismatch") -> Mismatch | I88: 16 | J88: Mobile Phone | K88: WhatsApp | L88: 45316
A89: STU0088 | B89: William Carter | C89: williamcarter65@yahoo.com | D89: Unknown | E89: Durban | F89: Limpopo | G89: =_xlfn.XLOOKUP(E89,lookup_table!A:A,lookup_table!B:B, "N/A") -> KwaZulu-Natal | H89: =IF(F89=G89, "Match", "Mismatch") -> Mismatch | I89: 41 | J89: Mobile Phone | K89: Unknown | L89: 45819
A90: STU0089 | B90: Christopher Hall | C90: Unknown | D90: +27 79 688 6805 | E90: Johannesburg | F90: Limpopo | G90: =_xlfn.XLOOKUP(E90,lookup_table!A:A,lookup_table!B:B, "N/A") -> Gauteng | H90: =IF(F90=G90, "Match", "Mismatch") -> Mismatch | I90: 55 | J90: Mobile Phone | K90: Google Search | L90: 45866
A91: STU0090 | B91: Brandon Mann | C91: Unknown | D91: Unknown | E91: Johannesburg | F91: Free State | G91: =_xlfn.XLOOKUP(E91,lookup_table!A:A,lookup_table!B:B, "N/A") -> Gauteng | H91: =IF(F91=G91, "Match", "Mismatch") -> Mismatch | I91: 30 | J91: Desktop | K91: Facebook Ad | L91: 45381
A92: STU0091 | B92: Daniel Warner | C92: danielwarner31@yahoo.com | D92: +27 98 250 7146 | E92: Durban | F92: KwaZulu-Natal | G92: =_xlfn.XLOOKUP(E92,lookup_table!A:A,lookup_table!B:B, "N/A") -> KwaZulu-Natal | H92: =IF(F92=G92, "Match", "Mismatch") -> Match | I92: 47 | J92: Unknown | K92: Unknown | L92: 46106
... A96: STU0095 | B96: Bryan French | C96: bryanfrench47@yahoo.com | D96: +27 18 255 3714 | E96: Port Elizabeth | F96: Limpopo | G96: =_xlfn.XLOOKUP(E96,lookup_table!A:A,lookup_table!B:B, "N/A") -> Eastern Cape | H96: =IF(F96=G96, "Match", "Mismatch") -> Mismatch | I96: 51 | J96: Tablet | K96: Facebook Ad | L96: 45833
A97: STU0096 | B97: Patrick Weber | C97: patrick.weber@gmail.com | D97: Unknown | E97: Cape Town | F97: Limpopo | G97: =_xlfn.XLOOKUP(E97,lookup_table!A:A,lookup_table!B:B, "N/A") -> Western Cape | H97: =IF(F97=G97, "Match", "Mismatch") -> Mismatch | J97: Desktop | K97: Referral | L97: 45989
A98: STU0097 | B98: Wendy Guerrero | C98: wendy.guerrero@gmail.com | D98: +27 51 341 2528 | E98: East London | F98: Limpopo | G98: =_xlfn.XLOOKUP(E98,lookup_table!A:A,lookup_table!B:B, "N/A") -> Eastern Cape | H98: =IF(F98=G98, "Match", "Mismatch") -> Mismatch | I98: 29 | J98: Desktop | K98: TikTok | L98: 45523
A99: STU0098 | B99: Allison Peck | C99: allison.peck@gmail.com | D99: Unknown | E99: Johannesburg | F99: North West | G99: =_xlfn.XLOOKUP(E99,lookup_table!A:A,lookup_table!B:B, "N/A") -> Gauteng | H99: =IF(F99=G99, "Match", "Mismatch") -> Mismatch | I99: 55 | J99: Tablet | K99: Walk-In | L99: 45442
A100: STU0099 | B100: Tasha Coleman | C100: tasha.coleman@gmail.com | D100: +27 72 368 8767 | E100: Bloemfontein | F100: Eastern Cape | G100: =_xlfn.XLOOKUP(E100,lookup_table!A:A,lookup_table!B:B, "N/A") -> Free State | H100: =IF(F100=G100, "Match", "Mismatch") -> Mismatch | I100: 34 | J100: Unknown | K100: Instagram | L100: 45553
A101: STU0100 | B101: Michelle Stephens | C101: mstephens@outlook.com | D101: Unknown | E101: Nelspruit | F101: Free State | G101: =_xlfn.XLOOKUP(E101,lookup_table!A:A,lookup_table!B:B, "N/A") -> Mpumalanga | H101: =IF(F101=G101, "Match", "Mismatch") -> Mismatch | I101: 49 | J101: Desktop | K101: Facebook Ad | L101: 45953
A102: STU0101 | B102: Alexander Holland | C102: Unknown | D102: +27 14 858 0783 | E102: East London | F102: North West | G102: =_xlfn.XLOOKUP(E102,lookup_table!A:A,lookup_table!B:B, "N/A") -> Eastern Cape | H102: =IF(F102=G102, "Match", "Mismatch") -> Mismatch | I102: 33 | J102: Mobile Phone | K102: Google Search | L102: 46182
A103: STU0102 | B103: Jennifer Kerr | C103: jenniferkerr58@yahoo.com | D103: +27 45 171 3395 | E103: Cape Town | F103: Mpumalanga | G103: =_xlfn.XLOOKUP(E103,lookup_table!A:A,lookup_table!B:B, "N/A") -> Western Cape | H103: =IF(F103=G103, "Match", "Mismatch") -> Mismatch | I103: 40 | J103: Desktop | K103: Referral | L103: 46041
...

Sheet lookup_table
A1: city | B1: province
A2: Johannesburg | B2: Gauteng
A3: Pretoria | B3: Gauteng
A4: Cape Town | B4: Western Cape
A5: Durban | B5: KwaZulu-Natal
A6: East London | B6: Eastern Cape
A7: Bloemfontein | B7: Free State
A8: Polokwane | B8: Limpopo
A9: Kimberley | B9: Northern Cape
A10: Port Elizabeth | B10: Eastern Cape
A11: Nelspruit | B11: Mpumalanga

Sheet Findings
A1: Data Quality Summary - City-Province | E1: Data Quality Summary - Age | H1: Data Quality Summary - phone number | L1: Data Quality Sumary - amount_paid_zar
A2: Total records | B2: =COUNTA(Students!B:B) -> 601 | E2: Invalid ages | F2: =COUNTIF(Students!I:I, "Invalid") -> 0 | H2: valid phone numbers | I2: =COUNTA(Students!D:D) - I3 -> 601 | L2: Normal | M2: =COUNTIF(Enrollments!I:I, "Normal") -> 2306 | N2: =M2/SUM(M2,M3,M4,M5) -> 0.65885714
A3: Matched City-Province Combinations | B3: =COUNTIF(Students!H:H, "Match") -> 71 | E3: Missing ages | F3: =COUNTIF(Students!I:I, "Blank") -> 0 | H3: missing phone numbers | I3: =COUNTIF(Students!D:D, "Blank") -> 0 | L3: Review | M3: =COUNTIF(Enrollments!I:I, "Review") -> 120 | N3: =M3/SUM(M2,M3,M4,M5) -> 0.034285714
A4: Mismatched City-Province Combinations | B4: =COUNTIF(Students!H:H, "Mismatch") -> 529 | E4: Valid ages | F4: =COUNTA(Students!#REF!)- (F3+F2) -> 1 | L4: Zero Amount | M4: =COUNTIF(Enrollments!I:I, "Zero Amount") -> 344 | N4: =M4/SUM(M2,M3,M4,M5) -> 0.098285714
A5: % Matched | B5: =B3/B2 -> 0.11813644 | L5: Unknown | M5: =COUNTIF(Enrollments!I:I, "Unknown") -> 730 | N5: =M5/SUM(M2,M3,M4,M5) -> 0.20857143
A6: % Mismatched | B6: =B4/B2 -> 0.88019967

Sheet Courses
A1: course_id | B1: course_title | C1: category | D1: level | E1: price_zar | F1: duration_weeks | G1: instructor_id | H1: is_active
A2: C001 | B2: Python for Beginners | C2: Mobile Development | D2: Advanced | E2: 799 | F2: 8 | G2: INS023 | H2: Yes
A3: C002 | B3: Advanced SQL for Analysts | C3: Digital Marketing | D3: Intermediate | E3: 0 | F3: 8 | G3: INS019 | H3: Unknown
A4: C003 | B4: Intro to Data Science | C4: Data Science | D4: Advanced | F4: 4 | G4: INS022 | H4: Yes
A5: C004 | B5: Power BI Masterclass | C5: Data Science | D5: Beginner | E5: 999.99 | F5: 6 | G5: INS022 | H5: Yes
A6: C005 | B6: Full Stack Web Development | C6: Data Science | D6: Beginner | E6: 1500 | F6: 6 | G6: INS014 | H6: No
A7: C006 | B7: React.js Fundamentals | C7: Cloud Computing | D7: Beginner | E7: 499 | F7: 6 | G7: INS025 | H7: Yes
A8: C007 | B8: Digital Marketing 101 | C8: Mobile Development | D8: Advanced | E8: 1500 | G8: INS004 | H8: No
A9: C008 | B9: Google Ads Certification | C9: Mobile Development | D9: Beginner | E9: 1200 | F9: 12 | G9: INS023 | H9: Yes
A10: C009 | B10: Graphic Design with Canva | C10: UI/UX Design | D10: Beginner | E10: 1500 | F10: 12 | G10: INS021 | H10: Yes
A11: C010 | B11: Adobe Photoshop Essentials | C11: Cybersecurity | D11: Advanced | E11: 0 | G11: INS021 | H11: Unknown
A12: C011 | B12: Agile Project Management | C12: Graphic Design | D12: Advanced | F12: 10 | G12: INS004 | H12: Yes
A13: C012 | B13: PMP Exam Prep | C13: UI/UX Design | D13: Intermediate | E13: 799 | F13: 4 | G13: INS024 | H13: Yes
A14: C013 | B14: AWS Cloud Practitioner | C14: Cybersecurity | D14: Intermediate | E14: 3000 | F14: 6 | G14: INS024 | H14: Yes
A15: C014 | B15: Azure Fundamentals | C15: Graphic Design | D15: Beginner | E15: 2500 | F15: 4 | G15: INS014 | H15: Yes
A16: C015 | B16: Ethical Hacking Basics | C16: Digital Marketing | D16: Intermediate | E16: 3000 | G16: INS022 | H16: Yes
A17: C016 | B17: Cybersecurity Fundamentals | C17: Business Analysis | D17: Beginner | E17: 1500 | F17: 4 | G17: INS011 | H17: No
A18: C017 | B18: Android App Development | C18: Mobile Development | D18: Intermediate | E18: 2500 | F18: 6 | G18: INS020 | H18: Yes
A19: C018 | B19: Flutter for Mobile Apps | C19: Web Development | D19: Intermediate | E19: 1200 | G19: INS011 | H19: Yes
A20: C019 | B20: Business Analysis Fundamentals | C20: UI/UX Design | D20: Beginner | G20: INS021 | H20: Unknown
A21: C020 | B21: UX Research Methods | C21: Cybersecurity | D21: Beginner | E21: 1500 | F21: 10 | G21: INS011 | H21: No
A22: C021 | B22: Excel for Business | C22: Graphic Design | D22: Advanced | E22: 1500 | G22: INS024 | H22: Yes
A23: C022 | B23: Tableau for Data Viz | C23: Project Management | D23: Advanced | E23: 1200 | F23: 10 | G23: INS006 | H23: Yes
A24: C023 | B24: Machine Learning Basics | C24: Mobile Development | D24: Advanced | F24: 10 | G24: INS025 | H24: No
A25: C024 | B25: JavaScript Essentials | C25: Project Management | D25: Advanced | E25: 0 | F25: 4 | G25: INS023 | H25: No
A26: C025 | B26: Social Media Marketing | C26: Cloud Computing | D26: Intermediate | F26: 10 | G26: INS002 | H26: Unknown
A27: C026 | B27: Content Writing Skills | C27: UI/UX Design | D27: Intermediate | E27: 2500 | F27: 10 | G27: INS015 | H27: No
A28: C027 | B28: Bookkeeping Basics | C28: Graphic Design | D28: Intermediate | E28: 999.99 | F28: 8 | G28: INS024 | H28: No
A29: C028 | B29: Financial Modeling | C29: UI/UX Design | D29: Beginner | E29: 499 | F29: 8 | G29: INS022 | H29: Unknown
A30: C029 | B30: HR Management Essentials | C30: Cybersecurity | D30: Advanced | E30: 1200 | F30: 10 | G30: INS006 | H30: Yes
A31: C030 | B31: Public Speaking Skills | C31: Digital Marketing | D31: Beginner | E31: 799 | F31: 8 | G31: INS004 | H31: Yes

Sheet Instructors
A1: instructor_id | B1: full_name | C1: specialty | D1: years_experience | E1: rating | F1: city
A2: INS001 | B2: Charles Stephenson | C2: Cloud Computing | D2: 15 | E2: 4.1 | F2: Polokwane
A3: INS002 | B3: Debra Gibbs | C3: Graphic Design | D3: 1 | E3: 3.5 | F3: Port Elizabeth
A4: INS003 | B4: Danielle Colon | C4: UI/UX Design | D4: 3 | E4: 3.4 | F4: Johannesburg
A5: INS004 | B5: April Bailey | C5: Data Science | E5: 4.1 | F5: Port Elizabeth
A6: INS005 | B6: Jackie Miller | C6: Mobile Development | D6: 10 | F6: Johannesburg
A7: INS006 | B7: Kirsten Bowen | C7: Data Science | D7: 2 | E7: 4.2 | F7: East London
A8: INS007 | B8: Logan Nguyen | C8: Graphic Design | D8: 1 | E8: 5 | F8: Nelspruit
A9: INS008 | B9: Robert Holloway | C9: Project Management | D9: 2 | E9: 3 | F9: Nelspruit
A10: INS009 | B10: Vincent Thompson | C10: Cybersecurity | D10: 7 | E10: 2.7 | F10: Johannesburg
A11: INS010 | B11: Kimberly Irwin | C11: Business Analysis | D11: 3 | E11: 4.3 | F11: Polokwane
A12: INS011 | B12: Phyllis Rodriguez | C12: Business Analysis | F12: Durban
A13: INS012 | B13: Janet Valdez | C13: UI/UX Design | D13: 2 | E13: 3 | F13: Cape Town
A14: INS013 | B14: Madison Pierce | C14: Data Science | D14: 3 | E14: 4.2 | F14: Cape Town
A15: INS014 | B15: Connie Adams | C15: Business Analysis | E15: 2.8 | F15: Durban
A16: INS015 | B16: Rhonda Mullins | C16: UI/UX Design | D16: 5 | E16: 2.7 | F16: Port Elizabeth
A17: INS016 | B17: David Barber | C17: Web Development | D17: 2 | E17: 3.8 | F17: Bloemfontein
A18: INS017 | B18: Steven Davis | C18: Business Analysis | D18: 3 | E18: 4.9 | F18: Cape Town
A19: INS018 | B19: Cody Huffman | C19: Graphic Design | D19: 7 | F19: East London
A20: INS019 | B20: John Blair | C20: Project Management | E20: 3.7 | F20: Bloemfontein
A21: INS020 | B21: Alisha Martin | C21: Business Analysis | D21: 10 | E21: 3.8 | F21: Johannesburg
A22: INS021 | B22: James Franklin | C22: Data Science | D22: 1 | E22: 3 | F22: Port Elizabeth
A23: INS022 | B23: Benjamin Sanchez | C23: Graphic Design | D23: 3 | E23: 3 | F23: Bloemfontein
A24: INS023 | B24: Tracy Garcia | C24: Project Management | D24: 3 | E24: 3.6 | F24: East London
A25: INS024 | B25: Monica Morton | C25: Project Management | D25: 7 | E25: 4.8 | F25: Polokwane
A26: INS025 | B26: Jamie Smith | C26: Mobile Development | D26: 2 | E26: 4.2 | F26: Johannesburg

Sheet Enrollments
A1: enrollment_id | B1: student_id | C1: course_id | D1: enrollment_date | E1: status | F1: completion_pct | G1: payment_method | H1: amount_paid_zar | I1: payment_flag | J1: student_rating
A2: E00001 | B2: STU0147 | C2: C018 | D2: 46003 | E2: In Progress | F2: 75 | G2: Cash | H2: 1200 | I2: =IF(H2="", "Unknown", IF(H2=0, "Zero Amount", IF(H2<1, "Review", IF(H2>1, "Normal")))) -> Normal | J2: 2
A3: E00002 | B3: STU0382 | C3: C019 | D3: 45934 | E3: Dropped | F3: 20 | G3: Bank Transfer | I3: =IF(H3="", "Unknown", IF(H3=0, "Zero Amount", IF(H3<1, "Review", IF(H3>1, "Normal")))) -> Unknown
A4: E00003 | B4: STU0389 | C4: C001 | D4: 45804 | E4: Completed | F4: 100 | G4: EFT | H4: 591.44 | I4: =IF(H4="", "Unknown", IF(H4=0, "Zero Amount", IF(H4<1, "Review", IF(H4>1, "Normal")))) -> Normal
A5: E00004 | B5: STU0562 | C5: C014 | D5: 45145 | E5: In Progress | F5: 75 | G5: EFT | H5: -2500 | I5: =IF(H5="", "Unknown", IF(H5=0, "Zero Amount", IF(H5<1, "Review", IF(H5>1, "Normal")))) -> Review
A6: E00005 | B6: STU0280 | C6: C005 | D6: 45370 | E6: Completed | G6: Cash | H6: 1500 | I6: =IF(H6="", "Unknown", IF(H6=0, "Zero Amount", IF(H6<1, "Review", IF(H6>1, "Normal")))) -> Normal
A7: E00006 | B7: STU0388 | C7: C004 | D7: 45189 | E7: Dropped | G7: Unknown | H7: 999.99 | I7: =IF(H7="", "Unknown", IF(H7=0, "Zero Amount", IF(H7<1, "Review", IF(H7>1, "Normal")))) -> Normal | J7: 2
A8: E00007 | B8: STU0098 | C8: C017 | D8: 45254 | E8: Completed | G8: EFT | H8: 2500 | I8: =IF(H8="", "Unknown", IF(H8=0, "Zero Amount", IF(H8<1, "Review", IF(H8>1, "Normal")))) -> Normal | J8: 5
A9: E00008 | B9: STU0050 | C9: C006 | D9: 45874 | E9: Cancelled | F9: 5 | G9: Bank Transfer | H9: 499 | I9: =IF(H9="", "Unknown", IF(H9=0, "Zero Amount", IF(H9<1, "Review", IF(H9>1, "Normal")))) -> Normal | J9: 3
A10: E00009 | B10: STU0489 | C10: C019 | D10: 45112 | E10: Completed | G10: Payfast | I10: =IF(H10="", "Unknown", IF(H10=0, "Zero Amount", IF(H10<1, "Review", IF(H10>1, "Normal")))) -> Unknown
A11: E00010 | B11: STU0130 | C11: C005 | D11: 46157 | E11: Completed | G11: EFT | H11: 1500 | I11: =IF(H11="", "Unknown", IF(H11=0, "Zero Amount", IF(H11<1, "Review", IF(H11>1, "Normal")))) -> Normal
A12: E00011 | B12: STU0256 | C12: C022 | D12: 46147 | E12: Cancelled | F12: 20 | G12: EFT | H12: 1200 | I12: =IF(H12="", "Unknown", IF(H12=0, "Zero Amount", IF(H12<1, "Review", IF(H12>1, "Normal")))) -> Normal
A13: E00012 | B13: STU0480 | C13: C017 | D13: 45214 | E13: Completed | G13: Cash | H13: 2500 | I13: =IF(H13="", "Unknown", IF(H13=0, "Zero Amount", IF(H13<1, "Review", IF(H13>1, "Normal")))) -> Normal | J13: 4
A14: E00013 | B14: STU0313 | C14: C021 | D14: 45904 | E14: Completed | G14: EFT | H14: 1500 | I14: =IF(H14="", "Unknown", IF(H14=0, "Zero Amount", IF(H14<1, "Review", IF(H14>1, "Normal")))) -> Normal | J14: 4
A15: E00014 | B15: STU0082 | C15: C003 | D15: 45468 | E15: Completed | F15: 100 | G15: Card | I15: =IF(H15="", "Unknown", IF(H15=0, "Zero Amount", IF(H15<1, "Review", IF(H15>1, "Normal")))) -> Unknown
A16: E00015 | B16: STU0087 | C16: C024 | D16: 45755 | E16: Unknown | G16: Bank Transfer | H16: 0 | I16: =IF(H16="", "Unknown", IF(H16=0, "Zero Amount", IF(H16<1, "Review", IF(H16>1, "Normal")))) -> Zero Amount
A17: E00016 | B17: STU0521 | C17: C030 | D17: 45319 | E17: Dropped | F17: 20 | G17: EFT | H17: 799 | I17: =IF(H17="", "Unknown", IF(H17=0, "Zero Amount", IF(H17<1, "Review", IF(H17>1, "Normal")))) -> Normal | J17: 5
A18: E00017 | B18: STU0416 | C18: C001 | D18: 45624 | E18: Completed | F18: 100 | G18: EFT | H18: 799 | I18: =IF(H18="", "Unknown", IF(H18=0, "Zero Amount", IF(H18<1, "Review", IF(H18>1, "Normal")))) -> Normal
A19: E00018 | B19: STU0251 | C19: C024 | D19: 45714 | E19: Completed | F19: 100 | G19: Payfast | H19: 0 | I19: =IF(H19="", "Unknown", IF(H19=0, "Zero Amount", IF(H19<1, "Review", IF(H19>1, "Normal")))) -> Zero Amount | J19: 4
A20: E00019 | B20: stu0537 | C20: C029 | D20: 45584 | E20: Dropped | F20: 0 | G20: EFT | H20: 1200 | I20: =IF(H20="", "Unknown", IF(H20=0, "Zero Amount", IF(H20<1, "Review", IF(H20>1, "Normal")))) -> Normal | J20: 3
A21: E00020 | B21: STU0053 | C21: C014 | D21: 45276 | E21: Cancelled | F21: 5 | G21: EFT | H21: 1312.91 | I21: =IF(H21="", "Unknown", IF(H21=0, "Zero Amount", IF(H21<1, "Review", IF(H21>1, "Normal")))) -> Normal | J21: 3
A22: E00021 | B22: STU0256 | C22: C027 | D22: 45461 | E22: In Progress | F22: 40 | G22: Card | H22: 999.99 | I22: =IF(H22="", "Unknown", IF(H22=0, "Zero Amount", IF(H22<1, "Review", IF(H22>1, "Normal")))) -> Normal | J22: 2
A23: E00022 | B23: STU0219 | C23: C001 | D23: 45267 | E23: Cancelled | F23: 5 | G23: Card | H23: 799 | I23: =IF(H23="", "Unknown", IF(H23=0, "Zero Amount", IF(H23<1, "Review", IF(H23>1, "Normal")))) -> Normal | J23: 2
A24: E00023 | B24: STU0475 | C24: C029 | D24: 45159 | E24: Unknown | G24: Unknown | H24: 1200 | I24: =IF(H24="", "Unknown", IF(H24=0, "Zero Amount", IF(H24<1, "Review", IF(H24>1, "Normal")))) -> Normal
A25: E00024 | B25: STU0337 | C25: C010 | D25: 45856 | E25: In Progress | F25: 10 | G25: Payfast | H25: 0 | I25: =IF(H25="", "Unknown", IF(H25=0, "Zero Amount", IF(H25<1, "Review", IF(H25>1, "Normal")))) -> Zero Amount | J25: 3
A26: E00025 | B26: STU0412 | C26: C012 | D26: 45785 | E26: In Progress | F26: 55 | G26: Payfast | I26: =IF(H26="", "Unknown", IF(H26=0, "Zero Amount", IF(H26<1, "Review", IF(H26>1, "Normal")))) -> Unknown | J26: 5
A27: E00026 | B27: STU0421 | C27: C004 | D27: 44968 | E27: Completed | F27: 100 | G27: Card | H27: 999.99 | I27: =IF(H27="", "Unknown", IF(H27=0, "Zero Amount", IF(H27<1, "Review", IF(H27>1, "Normal")))) -> Normal
A28: E00027 | B28: STU0232 | C28: C016 | D28: 45973 | E28: In Progress | F28: 40 | G28: Payfast | H28: 1500 | I28: =IF(H28="", "Unknown", IF(H28=0, "Zero Amount", IF(H28<1, "Review", IF(H28>1, "Normal")))) -> Normal | J28: 3
A29: E00028 | B29: STU0550 | C29: C026 | D29: 45240 | E29: In Progress | F29: 55 | G29: EFT | H29: 2500 | I29: =IF(H29="", "Unknown", IF(H29=0, "Zero Amount", IF(H29<1, "Review", IF(H29>1, "Normal")))) -> Normal | J29: 5
A30: E00029 | B30: STU0445 | C30: C001 | D30: 45601 | E30: Completed | F30: 100 | G30: Card | H30: 514.55 | I30: =IF(H30="", "Unknown", IF(H30=0, "Zero Amount", IF(H30<1, "Review", IF(H30>1, "Normal")))) -> Normal
A31: E00030 | B31: STU0137 | C31: C013 | D31: 45658 | E31: In Progress | F31: 10 | G31: Unknown | H31: 3000 | I31: =IF(H31="", "Unknown", IF(H31=0, "Zero Amount", IF(H31<1, "Review", IF(H31>1, "Normal")))) -> Normal
A32: E00031 | B32: STU0273 | C32: C004 | D32: 46014 | E32: Unknown | G32: Payfast | H32: 999.99 | I32: =IF(H32="", "Unknown", IF(H32=0, "Zero Amount", IF(H32<1, "Review", IF(H32>1, "Normal")))) -> Normal | J32: 5
A33: E00032 | B33: STU0333 | C33: C025 | D33: 45253 | E33: Cancelled | F33: 5 | G33: Card | I33: =IF(H33="", "Unknown", IF(H33=0, "Zero Amount", IF(H33<1, "Review", IF(H33>1, "Normal")))) -> Unknown
A34: E00033 | B34: STU0130 | C34: C005 | D34: 46097 | E34: Completed | F34: 100 | G34: EFT | H34: 1500 | I34: =IF(H34="", "Unknown", IF(H34=0, "Zero Amount", IF(H34<1, "Review", IF(H34>1, "Normal")))) -> Normal | J34: 1
A35: E00034 | B35: STU0440 | C35: C020 | D35: 45124 | E35: Completed | F35: 100 | G35: Card | H35: 1500 | I35: =IF(H35="", "Unknown", IF(H35=0, "Zero Amount", IF(H35<1, "Review", IF(H35>1, "Normal")))) -> Normal | J35: 4
A36: E00035 | B36: STU0498 | C36: C003 | D36: 45301 | E36: Completed | F36: 100 | G36: Payfast | I36: =IF(H36="", "Unknown", IF(H36=0, "Zero Amount", IF(H36<1, "Review", IF(H36>1, "Normal")))) -> Unknown | J36: 4
A37: E00036 | B37: STU0256 | C37: C009 | D37: 45259 | E37: Completed | G37: Bank Transfer | H37: 1500 | I37: =IF(H37="", "Unknown", IF(H37=0, "Zero Amount", IF(H37<1, "Review", IF(H37>1, "Normal")))) -> Normal | J37: 1
A38: E00037 | B38: STU0204 | C38: C016 | D38: 45816 | E38: In Progress | F38: 75 | G38: Cash | H38: -1500 | I38: =IF(H38="", "Unknown", IF(H38=0, "Zero Amount", IF(H38<1, "Review", IF(H38>1, "Normal")))) -> Review | J38: 5
A39: E00038 | B39: STU0004 | C39: C021 | D39: 45345 | E39: Dropped | F39: 5 | G39: Card | H39: 1500 | I39: =IF(H39="", "Unknown", IF(H39=0, "Zero Amount", IF(H39<1, "Review", IF(H39>1, "Normal")))) -> Normal
A40: E00039 | B40: STU0281 | C40: C007 | D40: 46061 | E40: Cancelled | F40: 0 | G40: Card | H40: 1500 | I40: =IF(H40="", "Unknown", IF(H40=0, "Zero Amount", IF(H40<1, "Review", IF(H40>1, "Normal")))) -> Normal | J40: 4
A41: E00040 | B41: STU0390 | C41: C014 | D41: 45519 | E41: Completed | G41: Bank Transfer | H41: 2500 | I41: =IF(H41="", "Unknown", IF(H41=0, "Zero Amount", IF(H41<1, "Review", IF(H41>1, "Normal")))) -> Normal | J41: 1
A42: E00041 | B42: STU0491 | C42: C002 | D42: 46067 | E42: Cancelled | F42: 0 | G42: EFT | H42: 0 | I42: =IF(H42="", "Unknown", IF(H42=0, "Zero Amount", IF(H42<1, "Review", IF(H42>1, "Normal")))) -> Zero Amount | J42: 2
A43: E00042 | B43: STU0288 | C43: C012 | D43: 45999 | E43: Cancelled | F43: 5 | G43: Payfast | I43: =IF(H43="", "Unknown", IF(H43=0, "Zero Amount", IF(H43<1, "Review", IF(H43>1, "Normal")))) -> Unknown | J43: 3
A44: E00043 | B44: STU0042 | C44: C001 | D44: 45221 | E44: In Progress | F44: 25 | G44: EFT | H44: 799 | I44: =IF(H44="", "Unknown", IF(H44=0, "Zero Amount", IF(H44<1, "Review", IF(H44>1, "Normal")))) -> Normal | J44: 2
A45: E00044 | B45: STU0442 | C45: C006 | D45: 45283 | E45: Unknown | G45: EFT | H45: 499 | I45: =IF(H45="", "Unknown", IF(H45=0, "Zero Amount", IF(H45<1, "Review", IF(H45>1, "Normal")))) -> Normal | J45: 3
A46: E00045 | B46: STU0100 | C46: C022 | D46: 45218 | E46: Dropped | F46: 15 | G46: EFT | H46: 1200 | I46: =IF(H46="", "Unknown", IF(H46=0, "Zero Amount", IF(H46<1, "Review", IF(H46>1, "Normal")))) -> Normal | J46: 3
A47: E00046 | B47: STU0424 | C47: C017 | D47: 45209 | E47: In Progress | F47: 25 | G47: Bank Transfer | H47: 2500 | I47: =IF(H47="", "Unknown", IF(H47=0, "Zero Amount", IF(H47<1, "Review", IF(H47>1, "Normal")))) -> Normal | J47: 2
A48: E00047 | B48: STU0090 | C48: C029 | D48: 46145 | E48: Dropped | G48: Cash | H48: 1200 | I48: =IF(H48="", "Unknown", IF(H48=0, "Zero Amount", IF(H48<1, "Review", IF(H48>1, "Normal")))) -> Normal
A49: E00048 | B49: STU0198 | C49: C023 | D49: 45489 | E49: In Progress | F49: 10 | G49: Card | I49: =IF(H49="", "Unknown", IF(H49=0, "Zero Amount", IF(H49<1, "Review", IF(H49>1, "Normal")))) -> Unknown | J49: 5
A50: E00049 | B50: STU0486 | C50: C025 | D50: 45772 | E50: Dropped | F50: 0 | G50: Card | I50: =IF(H50="", "Unknown", IF(H50=0, "Zero Amount", IF(H50<1, "Review", IF(H50>1, "Normal")))) -> Unknown
A51: E00050 | B51: STU0574 | C51: C012 | D51: 45227 | E51: Unknown | G51: EFT | H51: 799 | I51: =IF(H51="", "Unknown", IF(H51=0, "Zero Amount", IF(H51<1, "Review", IF(H51>1, "Normal")))) -> Normal
A52: E00051 | B52: STU0495 | C52: C014 | D52: 46109 | E52: Completed | F52: 100 | G52: Payfast | H52: 2500 | I52: =IF(H52="", "Unknown", IF(H52=0, "Zero Amount", IF(H52<1, "Review", IF(H52>1, "Normal")))) -> Normal
A53: E00052 | B53: STU0297 | C53: C002 | D53: 46106 | E53: Completed | F53: 100 | G53: Bank Transfer | H53: 0 | I53: =IF(H53="", "Unknown", IF(H53=0, "Zero Amount", IF(H53<1, "Review", IF(H53>1, "Normal")))) -> Zero Amount | J53: 1
A54: E00053 | B54: STU0507 | C54: C022 | D54: 46079 | E54: In Progress | F54: 25 | G54: Bank Transfer | H54: 1200 | I54: =IF(H54="", "Unknown", IF(H54=0, "Zero Amount", IF(H54<1, "Review", IF(H54>1, "Normal")))) -> Normal | J54: 5
A55: E00054 | B55: STU0576 | C55: C025 | D55: 45760 | E55: Cancelled | G55: Card | I55: =IF(H55="", "Unknown", IF(H55=0, "Zero Amount", IF(H55<1, "Review", IF(H55>1, "Normal")))) -> Unknown | J55: 2
A56: E00055 | B56: STU0164 | C56: C019 | D56: 45293 | E56: Completed | F56: 100 | G56: Card | I56: =IF(H56="", "Unknown", IF(H56=0, "Zero Amount", IF(H56<1, "Review", IF(H56>1, "Normal")))) -> Unknown | J56: 5
A57: E00056 | B57: STU0311 | C57: C028 | D57: 45679 | E57: Completed | G57: Payfast | H57: 499 | I57: =IF(H57="", "Unknown", IF(H57=0, "Zero Amount", IF(H57<1, "Review", IF(H57>1, "Normal")))) -> Normal | J57: 2
A58: E00057 | B58: STU0230 | C58: C002 | D58: 45755 | E58: Completed | F58: 100 | G58: Payfast | H58: 0 | I58: =IF(H58="", "Unknown", IF(H58=0, "Zero Amount", IF(H58<1, "Review", IF(H58>1, "Normal")))) -> Zero Amount | J58: 2
A59: E00058 | B59: STU0285 | C59: C030 | D59: 45842 | E59: Completed | G59: Cash | H59: 799 | I59: =IF(H59="", "Unknown", IF(H59=0, "Zero Amount", IF(H59<1, "Review", IF(H59>1, "Normal")))) -> Normal
A60: E00059 | B60: STU0216 | C60: C018 | D60: 45262 | E60: Completed | F60: 100 | G60: EFT | H60: 1200 | I60: =IF(H60="", "Unknown", IF(H60=0, "Zero Amount", IF(H60<1, "Review", IF(H60>1, "Normal")))) -> Normal | J60: 3
A61: E00060 | B61: STU0333 | C61: C003 | D61: 45829 | E61: Completed | G61: Card | I61: =IF(H61="", "Unknown", IF(H61=0, "Zero Amount", IF(H61<1, "Review", IF(H61>1, "Normal")))) -> Unknown
A62: E00061 | B62: STU0333 | C62: C002 | D62: 45428 | E62: Completed | F62: 100 | G62: Card | H62: 0 | I62: =IF(H62="", "Unknown", IF(H62=0, "Zero Amount", IF(H62<1, "Review", IF(H62>1, "Normal")))) -> Zero Amount | J62: 3
A63: E00062 | B63: STU0181 | C63: C009 | D63: 45994 | E63: In Progress | F63: 75 | G63: Card | H63: 1500 | I63: =IF(H63="", "Unknown", IF(H63=0, "Zero Amount", IF(H63<1, "Review", IF(H63>1, "Normal")))) -> Normal | J63: 4
A64: E00063 | B64: STU0565 | C64: C007 | D64: 45450 | E64: Completed | F64: 100 | G64: Bank Transfer | H64: 1500 | I64: =IF(H64="", "Unknown", IF(H64=0, "Zero Amount", IF(H64<1, "Review", IF(H64>1, "Normal")))) -> Normal | J64: 3
A65: E00064 | B65: STU0160 | C65: C015 | D65: 45211 | E65: Cancelled | F65: 15 | G65: EFT | H65: 3000 | I65: =IF(H65="", "Unknown", IF(H65=0, "Zero Amount", IF(H65<1, "Review", IF(H65>1, "Normal")))) -> Normal
A66: E00065 | B66: STU0508 | C66: C006 | D66: 46102 | E66: Dropped | F66: 5 | G66: Payfast | H66: 499 | I66: =IF(H66="", "Unknown", IF(H66=0, "Zero Amount", IF(H66<1, "Review", IF(H66>1, "Normal")))) -> Normal | J66: 1
A67: E00066 | B67: STU0289 | C67: C001 | D67: 45823 | E67: Dropped | F67: 5 | G67: Cash | H67: 799 | I67: =IF(H67="", "Unknown", IF(H67=0, "Zero Amount", IF(H67<1, "Review", IF(H67>1, "Normal")))) -> Normal | J67: 4
A68: E00067 | B68: STU0072 | C68: C005 | D68: 46120 | E68: Cancelled | F68: 5 | G68: Bank Transfer | H68: 1500 | I68: =IF(H68="", "Unknown", IF(H68=0, "Zero Amount", IF(H68<1, "Review", IF(H68>1, "Normal")))) -> Normal | J68: 5
A69: E00068 | B69: stu0103 | C69: C024 | D69: 45986 | E69: Dropped | F69: 0 | G69: Bank Transfer | H69: 0 | I69: =IF(H69="", "Unknown", IF(H69=0, "Zero Amount", IF(H69<1, "Review", IF(H69>1, "Normal")))) -> Zero Amount | J69: 4
A70: E00069 | B70: STU0022 | C70: C004 | D70: 45877 | E70: Completed | F70: 100 | G70: EFT | H70: 518.42 | I70: =IF(H70="", "Unknown", IF(H70=0, "Zero Amount", IF(H70<1, "Review", IF(H70>1, "Normal")))) -> Normal
A71: E00070 | B71: STU0275 | C71: C005 | D71: 45181 | E71: Completed | F71: 100 | G71: EFT | H71: 1500 | I71: =IF(H71="", "Unknown", IF(H71=0, "Zero Amount", IF(H71<1, "Review", IF(H71>1, "Normal")))) -> Normal
A72: E00071 | B72: STU0556 | C72: C024 | D72: 45100 | E72: In Progress | F72: 25 | G72: Unknown | H72: 0 | I72: =IF(H72="", "Unknown", IF(H72=0, "Zero Amount", IF(H72<1, "Review", IF(H72>1, "Normal")))) -> Zero Amount
A73: E00072 | B73: STU0168 | C73: C010 | D73: 46238 | E73: Unknown | G73: Card | H73: 0 | I73: =IF(H73="", "Unknown", IF(H73=0, "Zero Amount", IF(H73<1, "Review", IF(H73>1, "Normal")))) -> Zero Amount
A74: E00073 | B74: STU0557 | C74: C004 | D74: 45260 | E74: Completed | F74: 100 | G74: EFT | H74: 999.99 | I74: =IF(H74="", "Unknown", IF(H74=0, "Zero Amount", IF(H74<1, "Review", IF(H74>1, "Normal")))) -> Normal
A75: E00074 | B75: STU0524 | C75: C029 | D75: 45875 | E75: Dropped | F75: 0 | G75: Bank Transfer | I75: =IF(H75="", "Unknown", IF(H75=0, "Zero Amount", IF(H75<1, "Review", IF(H75>1, "Normal")))) -> Unknown | J75: 1
A76: E00075 | B76: STU0395 | C76: C005 | D76: 45449 | E76: Completed | G76: Bank Transfer | H76: 1500 | I76: =IF(H76="", "Unknown", IF(H76=0, "Zero Amount", IF(H76<1, "Review", IF(H76>1, "Normal")))) -> Normal | J76: 1
A77: E00076 | B77: STU0116 | C77: C016 | D77: 45526 | E77: In Progress | F77: 25 | G77: Card | H77: 1500 | I77: =IF(H77="", "Unknown", IF(H77=0, "Zero Amount", IF(H77<1, "Review", IF(H77>1, "Normal")))) -> Normal
A78: E00077 | B78: STU0366 | C78: C003 | D78: 45888 | E78: In Progress | F78: 10 | G78: EFT | I78: =IF(H78="", "Unknown", IF(H78=0, "Zero Amount", IF(H78<1, "Review", IF(H78>1, "Normal")))) -> Unknown | J78: 3
A79: E00078 | B79: STU0045 | C79: C020 | D79: 45958 | E79: Dropped | F79: 20 | G79: Payfast | H79: 1033.58 | I79: =IF(H79="", "Unknown", IF(H79=0, "Zero Amount", IF(H79<1, "Review", IF(H79>1, "Normal")))) -> Normal | J79: 5
A80: E00079 | B80: STU0436 | C80: C005 | D80: 45622 | E80: Completed | G80: EFT | H80: 1500 | I80: =IF(H80="", "Unknown", IF(H80=0, "Zero Amount", IF(H80<1, "Review", IF(H80>1, "Normal")))) -> Normal | J80: 4
A81: E00080 | B81: STU0107 | C81: C009 | D81: 44966 | E81: In Progress | F81: 40 | G81: Payfast | H81: 1500 | I81: =IF(H81="", "Unknown", IF(H81=0, "Zero Amount", IF(H81<1, "Review", IF(H81>1, "Normal")))) -> Normal
A82: E00081 | B82: STU0151 | C82: C011 | D82: 45731 | E82: Cancelled | F82: 20 | G82: EFT | I82: =IF(H82="", "Unknown", IF(H82=0, "Zero Amount", IF(H82<1, "Review", IF(H82>1, "Normal")))) -> Unknown | J82: 5
A83: E00082 | B83: STU0592 | C83: C014 | D83: 46149 | E83: Completed | G83: Payfast | H83: 2500 | I83: =IF(H83="", "Unknown", IF(H83=0, "Zero Amount", IF(H83<1, "Review", IF(H83>1, "Normal")))) -> Normal
A84: E00083 | B84: STU0187 | C84: C025 | D84: 45403 | E84: In Progress | F84: 40 | G84: Bank Transfer | I84: =IF(H84="", "Unknown", IF(H84=0, "Zero Amount", IF(H84<1, "Review", IF(H84>1, "Normal")))) -> Unknown | J84: 5
A85: E00084 | B85: STU0342 | C85: C005 | D85: 45197 | E85: Completed | F85: 100 | G85: Unknown | H85: 1500 | I85: =IF(H85="", "Unknown", IF(H85=0, "Zero Amount", IF(H85<1, "Review", IF(H85>1, "Normal")))) -> Normal | J85: 4
A86: E00085 | B86: STU0552 | C86: C018 | D86: 46188 | E86: Completed | F86: 100 | G86: Bank Transfer | I86: =IF(H86="", "Unknown", IF(H86=0, "Zero Amount", IF(H86<1, "Review", IF(H86>1, "Normal")))) -> Unknown | J86: 4
A87: E00086 | B87: STU0540 | C87: C019 | D87: 45297 | E87: Completed | F87: 100 | G87: Card | I87: =IF(H87="", "Unknown", IF(H87=0, "Zero Amount", IF(H87<1, "Review", IF(H87>1, "Normal")))) -> Unknown
A88: E00087 | B88: STU0209 | C88: C028 | D88: 45519 | E88: In Progress | F88: 60 | G88: EFT | H88: 499 | I88: =IF(H88="", "Unknown", IF(H88=0, "Zero Amount", IF(H88<1, "Review", IF(H88>1, "Normal")))) -> Normal | J88: 5
A89: E00088 | B89: STU0062 | C89: C030 | D89: 45388 | E89: In Progress | G89: Payfast | H89: 799 | I89: =IF(H89="", "Unknown", IF(H89=0, "Zero Amount", IF(H89<1, "Review", IF(H89>1, "Normal")))) -> Normal
A90: E00089 | B90: STU0565 | C90: C030 | D90: 45562 | E90: Completed | F90: 100 | G90: Card | H90: 799 | I90: =IF(H90="", "Unknown", IF(H90=0, "Zero Amount", IF(H90<1, "Review", IF(H90>1, "Normal")))) -> Normal | J90: 1
A91: E00090 | B91: STU0142 | C91: C004 | D91: 45857 | E91: Dropped | F91: 20 | G91: Bank Transfer | H91: 999.99 | I91: =IF(H91="", "Unknown", IF(H91=0, "Zero Amount", IF(H91<1, "Review", IF(H91>1, "Normal")))) -> Normal
A92: E00091 | B92: STU0381 | C92: C002 | D92: 45551 | E92: In Progress | F92: 75 | G92: Payfast | H92: 0 | I92: =IF(H92="", "Unknown", IF(H92=0, "Zero Amount", IF(H92<1, "Review", IF(H92>1, "Normal")))) -> Zero Amount | J92: 4
A93: E00092 | B93: STU0031 | C93: C005 | D93: 45819 | E93: Dropped | F93: 0 | G93: Bank Transfer | H93: 1500 | I93: =IF(H93="", "Unknown", IF(H93=0, "Zero Amount", IF(H93<1, "Review", IF(H93>1, "Normal")))) -> Normal | J93: 1
A94: E00093 | B94: STU0154 | C94: C025 | D94: 45463 | E94: Unknown | G94: Card | I94: =IF(H94="", "Unknown", IF(H94=0, "Zero Amount", IF(H94<1, "Review", IF(H94>1, "Normal")))) -> Unknown
A95: E00094 | B95: STU0482 | C95: C014 | D95: 45977 | E95: In Progress | F95: 55 | G95: Payfast | H95: 2500 | I95: =IF(H95="", "Unknown", IF(H95=0, "Zero Amount", IF(H95<1, "Review", IF(H95>1, "Normal")))) -> Normal
A96: E00095 | B96: STU0062 | C96: C029 | D96: 45814 | E96: Completed | F96: 100 | G96: Payfast | H96: 1200 | I96: =IF(H96="", "Unknown", IF(H96=0, "Zero Amount", IF(H96<1, "Review", IF(H96>1, "Normal")))) -> Normal | J96: 4
A97: E00096 | B97: STU0012 | C97: C013 | D97: 45367 | E97: Unknown | G97: Card | H97: 3000 | I97: =IF(H97="", "Unknown", IF(H97=0, "Zero Amount", IF(H97<1, "Review", IF(H97>1, "Normal")))) -> Normal | J97: 5
A98: E00097 | B98: STU0586 | C98: C017 | D98: 45556 | E98: Completed | F98: 100 | G98: Card | H98: 2500 | I98: =IF(H98="", "Unknown", IF(H98=0, "Zero Amount", IF(H98<1, "Review", IF(H98>1, "Normal")))) -> Normal | J98: 4
A99: E00098 | B99: STU0095 | C99: C017 | D99: 45642 | E99: Dropped | F99: 5 | G99: Cash | H99: 2500 | I99: =IF(H99="", "Unknown", IF(H99=0, "Zero Amount", IF(H99<1, "Review", IF(H99>1, "Normal")))) -> Normal | J99: 4
A100: E00099 | B100: STU0402 | C100: C006 | D100: 45683 | E100: In Progress | G100: Bank Transfer | H100: 499 | I100: =IF(H100="", "Unknown", IF(H100=0, "Zero Amount", IF(H100<1, "Review", IF(H100>1, "Normal")))) -> Normal | J100: 5
...

Sheet Reviews
A1: review_id | B1: enrollment_id | C1: student_id | D1: course_id | E1: review_rating | F1: review_text | G1: review_date
A2: R00001 | B2: E03241 | C2: STU0204 | D2: C021 | E2: 5 | F2: Excellent value for money | G2: 46106
A3: R00002 | B3: E02576 | C3: STU0383 | D3: C028 | E3: 3 | F3: Unknown | G3: 46125
A4: R00003 | B4: E02542 | C4: STU0065 | D4: C014 | E4: 5 | F4: Too fast paced for beginners | G4: 46115
A5: R00004 | B5: E01609 | C5: STU0107 | D5: C025 | E5: 5 | F5: Great course, learned a lot! | G5: 45698
A6: R00005 | B6: E02348 | C6: STU0422 | D6: C014 | F6: Support team was very responsive | G6: 45524
A7: R00006 | B7: E02515 | C7: STU0548 | D7: C018 | E7: 2 | F7: Content felt outdated | G7: 45588
A8: R00007 | B8: E01100 | C8: STU0144 | D8: C024 | E8: 4 | F8: Best course I've taken on LearnSphere | G8: 45225
A9: R00008 | B9: E02409 | C9: STU0497 | D9: C022 | F9: Unknown | G9: 45705
A10: R00009 | B10: E03336 | C10: STU0024 | D10: C001 | E10: 5 | F10: Loved the practical examples | G10: 45468
A11: R00010 | B11: E00675 | C11: STU0583 | D11: C007 | F11: Instructor was not very clear | G11: 45498
A12: R00011 | B12: E00434 | C12: STU0184 | D12: C006 | E12: 5 | F12: Support team was very responsive | G12: 45360
A13: R00012 | B13: E02656 | C13: STU0391 | D13: C014 | E13: 2 | F13: Content felt outdated | G13: 45994
A14: R00013 | B14: E02636 | C14: STU0367 | D14: C009 | E14: 4 | F14: Support team was very responsive | G14: 45304
A15: R00014 | B15: E02774 | C15: STU0497 | D15: C030 | E15: 1 | F15: 5 stars!!! | G15: 45541
A16: R00015 | B16: E01072 | C16: STU0055 | D16: C004 | F16: Average experience | G16: 45490
A17: R00016 | B17: E02880 | C17: STU0513 | D17: C015 | E17: 5 | F17: Support team was very responsive | G17: 46102
A18: R00017 | B18: E03360 | C18: STU0238 | D18: C016 | E18: 5 | F18: Great course, learned a lot! | G18: 46107
A19: R00018 | B19: E02779 | C19: STU0284 | D19: C003 | E19: 4 | F19: Support team was very responsive | G19: 45986
A20: R00019 | B20: E02453 | C20: STU0384 | D20: C007 | E20: 5 | F20: Content felt outdated | G20: 46094
A21: R00020 | B21: E00125 | C21: STU0064 | D21: C030 | F21: Needs more hands-on exercises | G21: 45873
A22: R00021 | B22: E02854 | C22: STU0062 | D22: C029 | F22: Support team was very responsive | G22: 46017
A23: R00022 | B23: E02728 | C23: STU0060 | D23: C026 | E23: 3 | F23: Too fast paced for beginners | G23: 45206
A24: R00023 | B24: E01220 | C24: STU0491 | D24: C008 | F24: Unknown | G24: 45667
A25: R00024 | B25: E01127 | C25: STU0556 | D25: C014 | E25: 1 | F25: Needs more hands-on exercises | G25: 45825
A26: R00025 | B26: E02821 | C26: STU0419 | D26: C013 | E26: 4 | F26: Too fast paced for beginners | G26: 45449
A27: R00026 | B27: E00939 | C27: STU0524 | D27: C004 | E27: 5 | F27: 5 stars!!! | G27: 45675
A28: R00027 | B28: E00876 | C28: STU0461 | D28: C028 | E28: 1 | F28: Loved the practical examples | G28: 45728
A29: R00028 | B29: E00052 | C29: STU0297 | D29: C002 | F29: Excellent value for money | G29: 45680
A30: R00029 | B30: E02408 | C30: STU0250 | D30: C023 | E30: 3 | F30: 5 stars!!! | G30: 45530
A31: R00030 | B31: E00893 | C31: STU0591 | D31: C018 | E31: 3 | F31: Average experience | G31: 45871
A32: R00031 | B32: E00256 | C32: STU0394 | D32: C025 | E32: 5 | F32: Instructor was not very clear | G32: 45318
A33: R00032 | B33: E03396 | C33: STU0209 | D33: C018 | E33: 1 | F33: Instructor was not very clear | G33: 45449
A34: R00033 | B34: E01350 | C34: STU0555 | D34: C011 | E34: 4 | F34: Unknown | G34: 45588
A35: R00034 | B35: E01113 | C35: STU0526 | D35: C006 | E35: 5 | F35: Not worth the price tbh | G35: 45315
A36: R00035 | B36: E01327 | C36: STU0268 | D36: C009 | E36: 2 | F36: Instructor was not very clear | G36: 46132
A37: R00036 | B37: E02699 | C37: STU0488 | D37: C013 | E37: 3 | F37: Support team was very responsive | G37: 45565
A38: R00037 | B38: E01376 | C38: STU0323 | D38: C006 | E38: 4 | F38: Not worth the price tbh | G38: 45545
A39: R00038 | B39: E03284 | C39: STU0426 | D39: C016 | E39: 1 | F39: Too fast paced for beginners | G39: 45188
A40: R00039 | B40: E02170 | C40: STU0482 | D40: C028 | E40: 2 | F40: Needs more hands-on exercises | G40: 45124
A41: R00040 | B41: E00032 | C41: STU0333 | D41: C025 | F41: Support team was very responsive | G41: 45212
A42: R00041 | B42: E02499 | C42: STU0226 | D42: C003 | E42: 5 | F42: Content felt outdated | G42: 45713
A43: R00042 | B43: E01589 | C43: STU0385 | D43: C006 | E43: 5 | F43: Instructor was not very clear | G43: 45766
A44: R00043 | B44: E03311 | C44: STU0597 | D44: C007 | E44: 3 | F44: Great course, learned a lot! | G44: 45433
A45: R00044 | B45: E03021 | C45: STU0269 | D45: C004 | E45: 4 | F45: Support team was very responsive | G45: 46185
A46: R00045 | B46: E03123 | C46: STU0587 | D46: C005 | E46: 1 | F46: Would recommend to a friend | G46: 45942
A47: R00046 | B47: E00133 | C47: STU0462 | D47: C027 | E47: 4 | F47: Content felt outdated | G47: 45942
A48: R00047 | B48: E02779 | C48: STU0284 | D48: C003 | E48: 4 | F48: Unknown | G48: 45863
A49: R00048 | B49: E03392 | C49: STU0470 | D49: C001 | E49: 5 | F49: Loved the practical examples | G49: 45676
A50: R00049 | B50: E03280 | C50: STU0474 | D50: C008 | E50: 5 | F50: 5 stars!!! | G50: 45143
A51: R00050 | B51: E01586 | C51: STU0183 | D51: C020 | E51: 4 | F51: good | G51: 46135
A52: R00051 | B52: E01832 | C52: STU0045 | D52: C006 | E52: 5 | F52: Not worth the price tbh | G52: 45434
A53: R00052 | B53: E02048 | C53: STU0240 | D53: C011 | E53: 5 | F53: Not worth the price tbh | G53: 45741
A54: R00053 | B54: E02991 | C54: STU0118 | D54: C013 | E54: 5 | F54: Content felt outdated | G54: 46084
A55: R00054 | B55: E02697 | C55: STU0293 | D55: C027 | F55: good | G55: 45749
A56: R00055 | B56: E00435 | C56: STU0415 | D56: C026 | E56: 4 | F56: Excellent value for money | G56: 45800
A57: R00056 | B57: E00507 | C57: STU0443 | D57: C022 | E57: 5 | F57: Great course, learned a lot! | G57: 45908
A58: R00057 | B58: E03344 | C58: STU0538 | D58: C028 | E58: 4 | F58: Great course, learned a lot! | G58: 45683
A59: R00058 | B59: E01770 | C59: STU0571 | D59: C001 | E59: 3 | F59: 5 stars!!! | G59: 45238
A60: R00059 | B60: E00393 | C60: STU0006 | D60: C019 | F60: Average experience | G60: 45430
A61: R00060 | B61: E02808 | C61: STU0327 | D61: C019 | E61: 2 | F61: Best course I've taken on LearnSphere | G61: 45304
A62: R00061 | B62: E01426 | C62: STU0534 | D62: C006 | E62: 4 | F62: 5 stars!!! | G62: 46154
A63: R00062 | B63: E00919 | C63: STU0475 | D63: C022 | E63: 4 | F63: Loved the practical examples | G63: 45155
A64: R00063 | B64: E00761 | C64: STU0220 | D64: C029 | E64: 1 | F64: 5 stars!!! | G64: 45973
A65: R00064 | B65: E02555 | C65: STU0488 | D65: C012 | E65: 5 | F65: Too fast paced for beginners | G65: 46055
A66: R00065 | B66: E01910 | C66: STU0174 | D66: C002 | E66: 4 | F66: Best course I've taken on LearnSphere | G66: 45907
A67: R00066 | B67: E01722 | C67: STU0138 | D67: C027 | E67: 3 | F67: Excellent value for money | G67: 45672
A68: R00067 | B68: E01898 | C68: STU0351 | D68: C022 | E68: 5 | F68: Unknown | G68: 45293
A69: R00068 | B69: E00367 | C69: STU0155 | D69: C002 | E69: 4 | F69: good | G69: 45504
A70: R00069 | B70: E01789 | C70: STU0468 | D70: C024 | E70: 3 | F70: Content felt outdated | G70: 45864
A71: R00070 | B71: E00475 | C71: STU0164 | D71: C008 | F71: Average experience | G71: 46096
A72: R00071 | B72: E02495 | C72: STU0051 | D72: C030 | F72: Support team was very responsive | G72: 45206
A73: R00072 | B73: E03156 | C73: STU0482 | D73: C008 | E73: 5 | F73: 5 stars!!! | G73: 46139
A74: R00073 | B74: E00097 | C74: STU0586 | D74: C017 | E74: 2 | F74: Average experience | G74: 46076
A75: R00074 | B75: E01580 | C75: STU0395 | D75: C013 | E75: 4 | F75: Best course I've taken on LearnSphere | G75: 45878
A76: R00075 | B76: E00801 | C76: STU0549 | D76: C021 | F76: Best course I've taken on LearnSphere | G76: 45147
A77: R00076 | B77: E01523 | C77: STU0503 | D77: C029 | F77: Average experience | G77: 45321
A78: R00077 | B78: E02953 | C78: STU0152 | D78: C015 | E78: 4 | F78: Not worth the price tbh | G78: 45324
A79: R00078 | B79: E01613 | C79: STU0409 | D79: C024 | E79: 2 | F79: Great course, learned a lot! | G79: 45799
A80: R00079 | B80: E01791 | C80: STU0561 | D80: C014 | E80: 1 | F80: Best course I've taken on LearnSphere | G80: 45145
A81: R00080 | B81: E03211 | C81: STU0077 | D81: C023 | E81: 3 | F81: Support team was very responsive | G81: 46108
A82: R00081 | B82: E02857 | C82: STU0495 | D82: C014 | E82: 4 | F82: Would recommend to a friend | G82: 45323
A83: R00082 | B83: E02083 | C83: STU0303 | D83: C015 | E83: 5 | F83: Instructor was not very clear | G83: 45853
A84: R00083 | B84: E01341 | C84: STU0396 | D84: C004 | E84: 5 | F84: Best course I've taken on LearnSphere | G84: 46111
A85: R00084 | B85: E01674 | C85: STU0549 | D85: C021 | E85: 2 | F85: Unknown | G85: 45103
A86: R00085 | B86: E02807 | C86: STU0585 | D86: C016 | E86: 1 | F86: Loved the practical examples | G86: 45361
A87: R00086 | B87: E02022 | C87: STU0306 | D87: C006 | E87: 5 | F87: Great course, learned a lot! | G87: 45989
A88: R00087 | B88: E00839 | C88: STU0144 | D88: C006 | E88: 2 | F88: good | G88: 46009
A89: R00088 | B89: E03159 | C89: STU0292 | D89: C021 | F89: Average experience | G89: 46176
A90: R00089 | B90: E02503 | C90: STU0416 | D90: C026 | E90: 2 | F90: Loved the practical examples | G90: 46179
A91: R00090 | B91: E00020 | C91: STU0053 | D91: C014 | E91: 5 | F91: Too fast paced for beginners | G91: 46003
A92: R00091 | B92: E03129 | C92: STU0147 | D92: C019 | E92: 4 | F92: Best course I've taken on LearnSphere | G92: 45505
A93: R00092 | B93: E00840 | C93: STU0285 | D93: C004 | E93: 3 | F93: Content felt outdated | G93: 46016
A94: R00093 | B94: E03458 | C94: STU0405 | D94: C006 | F94: Needs more hands-on exercises | G94: 45147
A95: R00094 | B95: E00325 | C95: STU0181 | D95: C017 | E95: 5 | F95: Support team was very responsive | G95: 45253
A96: R00095 | B96: E01705 | C96: STU0031 | D96: C007 | E96: 4 | F96: Average experience | G96: 45367
A97: R00096 | B97: E02130 | C97: STU0399 | D97: C002 | E97: 5 | F97: Great course, learned a lot! | G97: 45830
A98: R00097 | B98: E01086 | C98: STU0031 | D98: C018 | E98: 4 | F98: Would recommend to a friend | G98: 46064
A99: R00098 | B99: E01479 | C99: STU0464 | D99: C019 | E99: 2 | F99: Unknown | G99: 45561
A100: R00099 | B100: E03066 | C100: STU0250 | D100: C027 | E100: 1 | F100: Not worth the price tbh | G100: 45723
...
